Grid_Row,X,Y
1,29.3,-1.6
2,29.4,-1.6
3,29.5,-1.6
4,29.6,-1.6
5,29.7,-1.6
6,29.8,-1.6
7,29.9,-1.6
8,30,-1.6
9,30.1,-1.6
10,30.2,-1.6
11,30.3,-1.6
12,30.4,-1.6
13,30.5,-1.6
14,30.6,-1.6
15,30.7,-1.6
16,30.8,-1.6
17,30.9,-1.6
18,31,-1.6
19,31.1,-1.6
20,31.2,-1.6
21,31.3,-1.6
22,31.4,-1.6
23,31.5,-1.6
24,31.6,-1.6
25,31.7,-1.6
26,31.8,-1.6
27,31.9,-1.6
28,32,-1.6
29,32.1,-1.6
30,32.2,-1.6
31,32.3,-1.6
32,32.4,-1.6
33,32.5,-1.6
34,32.6,-1.6
35,32.7,-1.6
36,32.8,-1.6
37,32.9,-1.6
38,33,-1.6
39,33.1,-1.6
40,33.2,-1.6
41,33.3,-1.6
42,33.4,-1.6
43,33.5,-1.6
44,33.6,-1.6
45,33.7,-1.6
46,33.8,-1.6
47,33.9,-1.6
48,34,-1.6
49,34.1,-1.6
50,34.2,-1.6
51,34.3,-1.6
52,34.4,-1.6
53,34.5,-1.6
54,34.6,-1.6
55,34.7,-1.6
56,34.8,-1.6
57,34.9,-1.6
58,35,-1.6
59,35.1,-1.6
60,35.2,-1.6
61,29.3,-1.5
62,29.4,-1.5
63,29.5,-1.5
64,29.6,-1.5
65,29.7,-1.5
66,29.8,-1.5
67,29.9,-1.5
68,30,-1.5
69,30.1,-1.5
70,30.2,-1.5
71,30.3,-1.5
72,30.4,-1.5
73,30.5,-1.5
74,30.6,-1.5
75,30.7,-1.5
76,30.8,-1.5
77,30.9,-1.5
78,31,-1.5
79,31.1,-1.5
80,31.2,-1.5
81,31.3,-1.5
82,31.4,-1.5
83,31.5,-1.5
84,31.6,-1.5
85,31.7,-1.5
86,31.8,-1.5
87,31.9,-1.5
88,32,-1.5
89,32.1,-1.5
90,32.2,-1.5
91,32.3,-1.5
92,32.4,-1.5
93,32.5,-1.5
94,32.6,-1.5
95,32.7,-1.5
96,32.8,-1.5
97,32.9,-1.5
98,33,-1.5
99,33.1,-1.5
100,33.2,-1.5
101,33.3,-1.5
102,33.4,-1.5
103,33.5,-1.5
104,33.6,-1.5
105,33.7,-1.5
106,33.8,-1.5
107,33.9,-1.5
108,34,-1.5
109,34.1,-1.5
110,34.2,-1.5
111,34.3,-1.5
112,34.4,-1.5
113,34.5,-1.5
114,34.6,-1.5
115,34.7,-1.5
116,34.8,-1.5
117,34.9,-1.5
118,35,-1.5
119,35.1,-1.5
120,35.2,-1.5
121,29.3,-1.4
122,29.4,-1.4
123,29.5,-1.4
124,29.6,-1.4
125,29.7,-1.4
126,29.8,-1.4
127,29.9,-1.4
128,30,-1.4
129,30.1,-1.4
130,30.2,-1.4
131,30.3,-1.4
132,30.4,-1.4
133,30.5,-1.4
134,30.6,-1.4
135,30.7,-1.4
136,30.8,-1.4
137,30.9,-1.4
138,31,-1.4
139,31.1,-1.4
140,31.2,-1.4
141,31.3,-1.4
142,31.4,-1.4
143,31.5,-1.4
144,31.6,-1.4
145,31.7,-1.4
146,31.8,-1.4
147,31.9,-1.4
148,32,-1.4
149,32.1,-1.4
150,32.2,-1.4
151,32.3,-1.4
152,32.4,-1.4
153,32.5,-1.4
154,32.6,-1.4
155,32.7,-1.4
156,32.8,-1.4
157,32.9,-1.4
158,33,-1.4
159,33.1,-1.4
160,33.2,-1.4
161,33.3,-1.4
162,33.4,-1.4
163,33.5,-1.4
164,33.6,-1.4
165,33.7,-1.4
166,33.8,-1.4
167,33.9,-1.4
168,34,-1.4
169,34.1,-1.4
170,34.2,-1.4
171,34.3,-1.4
172,34.4,-1.4
173,34.5,-1.4
174,34.6,-1.4
175,34.7,-1.4
176,34.8,-1.4
177,34.9,-1.4
178,35,-1.4
179,35.1,-1.4
180,35.2,-1.4
181,29.3,-1.3
182,29.4,-1.3
183,29.5,-1.3
184,29.6,-1.3
185,29.7,-1.3
186,29.8,-1.3
187,29.9,-1.3
188,30,-1.3
189,30.1,-1.3
190,30.2,-1.3
191,30.3,-1.3
192,30.4,-1.3
193,30.5,-1.3
194,30.6,-1.3
195,30.7,-1.3
196,30.8,-1.3
197,30.9,-1.3
198,31,-1.3
199,31.1,-1.3
200,31.2,-1.3
201,31.3,-1.3
202,31.4,-1.3
203,31.5,-1.3
204,31.6,-1.3
205,31.7,-1.3
206,31.8,-1.3
207,31.9,-1.3
208,32,-1.3
209,32.1,-1.3
210,32.2,-1.3
211,32.3,-1.3
212,32.4,-1.3
213,32.5,-1.3
214,32.6,-1.3
215,32.7,-1.3
216,32.8,-1.3
217,32.9,-1.3
218,33,-1.3
219,33.1,-1.3
220,33.2,-1.3
221,33.3,-1.3
222,33.4,-1.3
223,33.5,-1.3
224,33.6,-1.3
225,33.7,-1.3
226,33.8,-1.3
227,33.9,-1.3
228,34,-1.3
229,34.1,-1.3
230,34.2,-1.3
231,34.3,-1.3
232,34.4,-1.3
233,34.5,-1.3
234,34.6,-1.3
235,34.7,-1.3
236,34.8,-1.3
237,34.9,-1.3
238,35,-1.3
239,35.1,-1.3
240,35.2,-1.3
241,29.3,-1.2
242,29.4,-1.2
243,29.5,-1.2
244,29.6,-1.2
245,29.7,-1.2
246,29.8,-1.2
247,29.9,-1.2
248,30,-1.2
249,30.1,-1.2
250,30.2,-1.2
251,30.3,-1.2
252,30.4,-1.2
253,30.5,-1.2
254,30.6,-1.2
255,30.7,-1.2
256,30.8,-1.2
257,30.9,-1.2
258,31,-1.2
259,31.1,-1.2
260,31.2,-1.2
261,31.3,-1.2
262,31.4,-1.2
263,31.5,-1.2
264,31.6,-1.2
265,31.7,-1.2
266,31.8,-1.2
267,31.9,-1.2
268,32,-1.2
269,32.1,-1.2
270,32.2,-1.2
271,32.3,-1.2
272,32.4,-1.2
273,32.5,-1.2
274,32.6,-1.2
275,32.7,-1.2
276,32.8,-1.2
277,32.9,-1.2
278,33,-1.2
279,33.1,-1.2
280,33.2,-1.2
281,33.3,-1.2
282,33.4,-1.2
283,33.5,-1.2
284,33.6,-1.2
285,33.7,-1.2
286,33.8,-1.2
287,33.9,-1.2
288,34,-1.2
289,34.1,-1.2
290,34.2,-1.2
291,34.3,-1.2
292,34.4,-1.2
293,34.5,-1.2
294,34.6,-1.2
295,34.7,-1.2
296,34.8,-1.2
297,34.9,-1.2
298,35,-1.2
299,35.1,-1.2
300,35.2,-1.2
301,29.3,-1.1
302,29.4,-1.1
303,29.5,-1.1
304,29.6,-1.1
305,29.7,-1.1
306,29.8,-1.1
307,29.9,-1.1
308,30,-1.1
309,30.1,-1.1
310,30.2,-1.1
311,30.3,-1.1
312,30.4,-1.1
313,30.5,-1.1
314,30.6,-1.1
315,30.7,-1.1
316,30.8,-1.1
317,30.9,-1.1
318,31,-1.1
319,31.1,-1.1
320,31.2,-1.1
321,31.3,-1.1
322,31.4,-1.1
323,31.5,-1.1
324,31.6,-1.1
325,31.7,-1.1
326,31.8,-1.1
327,31.9,-1.1
328,32,-1.1
329,32.1,-1.1
330,32.2,-1.1
331,32.3,-1.1
332,32.4,-1.1
333,32.5,-1.1
334,32.6,-1.1
335,32.7,-1.1
336,32.8,-1.1
337,32.9,-1.1
338,33,-1.1
339,33.1,-1.1
340,33.2,-1.1
341,33.3,-1.1
342,33.4,-1.1
343,33.5,-1.1
344,33.6,-1.1
345,33.7,-1.1
346,33.8,-1.1
347,33.9,-1.1
348,34,-1.1
349,34.1,-1.1
350,34.2,-1.1
351,34.3,-1.1
352,34.4,-1.1
353,34.5,-1.1
354,34.6,-1.1
355,34.7,-1.1
356,34.8,-1.1
357,34.9,-1.1
358,35,-1.1
359,35.1,-1.1
360,35.2,-1.1
361,29.3,-1
362,29.4,-1
363,29.5,-1
364,29.6,-1
365,29.7,-1
366,29.8,-1
367,29.9,-1
368,30,-1
369,30.1,-1
370,30.2,-1
371,30.3,-1
372,30.4,-1
373,30.5,-1
374,30.6,-1
375,30.7,-1
376,30.8,-1
377,30.9,-1
378,31,-1
379,31.1,-1
380,31.2,-1
381,31.3,-1
382,31.4,-1
383,31.5,-1
384,31.6,-1
385,31.7,-1
386,31.8,-1
387,31.9,-1
388,32,-1
389,32.1,-1
390,32.2,-1
391,32.3,-1
392,32.4,-1
393,32.5,-1
394,32.6,-1
395,32.7,-1
396,32.8,-1
397,32.9,-1
398,33,-1
399,33.1,-1
400,33.2,-1
401,33.3,-1
402,33.4,-1
403,33.5,-1
404,33.6,-1
405,33.7,-1
406,33.8,-1
407,33.9,-1
408,34,-1
409,34.1,-1
410,34.2,-1
411,34.3,-1
412,34.4,-1
413,34.5,-1
414,34.6,-1
415,34.7,-1
416,34.8,-1
417,34.9,-1
418,35,-1
419,35.1,-1
420,35.2,-1
421,29.3,-0.9
422,29.4,-0.9
423,29.5,-0.9
424,29.6,-0.9
425,29.7,-0.9
426,29.8,-0.9
427,29.9,-0.9
428,30,-0.9
429,30.1,-0.9
430,30.2,-0.9
431,30.3,-0.9
432,30.4,-0.9
433,30.5,-0.9
434,30.6,-0.9
435,30.7,-0.9
436,30.8,-0.9
437,30.9,-0.9
438,31,-0.9
439,31.1,-0.9
440,31.2,-0.9
441,31.3,-0.9
442,31.4,-0.9
443,31.5,-0.9
444,31.6,-0.9
445,31.7,-0.9
446,31.8,-0.9
447,31.9,-0.9
448,32,-0.9
449,32.1,-0.9
450,32.2,-0.9
451,32.3,-0.9
452,32.4,-0.9
453,32.5,-0.9
454,32.6,-0.9
455,32.7,-0.9
456,32.8,-0.9
457,32.9,-0.9
458,33,-0.9
459,33.1,-0.9
460,33.2,-0.9
461,33.3,-0.9
462,33.4,-0.9
463,33.5,-0.9
464,33.6,-0.9
465,33.7,-0.9
466,33.8,-0.9
467,33.9,-0.9
468,34,-0.9
469,34.1,-0.9
470,34.2,-0.9
471,34.3,-0.9
472,34.4,-0.9
473,34.5,-0.9
474,34.6,-0.9
475,34.7,-0.9
476,34.8,-0.9
477,34.9,-0.9
478,35,-0.9
479,35.1,-0.9
480,35.2,-0.9
481,29.3,-0.8
482,29.4,-0.8
483,29.5,-0.8
484,29.6,-0.8
485,29.7,-0.8
486,29.8,-0.8
487,29.9,-0.8
488,30,-0.8
489,30.1,-0.8
490,30.2,-0.8
491,30.3,-0.8
492,30.4,-0.8
493,30.5,-0.8
494,30.6,-0.8
495,30.7,-0.8
496,30.8,-0.8
497,30.9,-0.8
498,31,-0.8
499,31.1,-0.8
500,31.2,-0.8
501,31.3,-0.8
502,31.4,-0.8
503,31.5,-0.8
504,31.6,-0.8
505,31.7,-0.8
506,31.8,-0.8
507,31.9,-0.8
508,32,-0.8
509,32.1,-0.8
510,32.2,-0.8
511,32.3,-0.8
512,32.4,-0.8
513,32.5,-0.8
514,32.6,-0.8
515,32.7,-0.8
516,32.8,-0.8
517,32.9,-0.8
518,33,-0.8
519,33.1,-0.8
520,33.2,-0.8
521,33.3,-0.8
522,33.4,-0.8
523,33.5,-0.8
524,33.6,-0.8
525,33.7,-0.8
526,33.8,-0.8
527,33.9,-0.8
528,34,-0.8
529,34.1,-0.8
530,34.2,-0.8
531,34.3,-0.8
532,34.4,-0.8
533,34.5,-0.8
534,34.6,-0.8
535,34.7,-0.8
536,34.8,-0.8
537,34.9,-0.8
538,35,-0.8
539,35.1,-0.8
540,35.2,-0.8
541,29.3,-0.7
542,29.4,-0.7
543,29.5,-0.7
544,29.6,-0.7
545,29.7,-0.7
546,29.8,-0.7
547,29.9,-0.7
548,30,-0.7
549,30.1,-0.7
550,30.2,-0.7
551,30.3,-0.7
552,30.4,-0.7
553,30.5,-0.7
554,30.6,-0.7
555,30.7,-0.7
556,30.8,-0.7
557,30.9,-0.7
558,31,-0.7
559,31.1,-0.7
560,31.2,-0.7
561,31.3,-0.7
562,31.4,-0.7
563,31.5,-0.7
564,31.6,-0.7
565,31.7,-0.7
566,31.8,-0.7
567,31.9,-0.7
568,32,-0.7
569,32.1,-0.7
570,32.2,-0.7
571,32.3,-0.7
572,32.4,-0.7
573,32.5,-0.7
574,32.6,-0.7
575,32.7,-0.7
576,32.8,-0.7
577,32.9,-0.7
578,33,-0.7
579,33.1,-0.7
580,33.2,-0.7
581,33.3,-0.7
582,33.4,-0.7
583,33.5,-0.7
584,33.6,-0.7
585,33.7,-0.7
586,33.8,-0.7
587,33.9,-0.7
588,34,-0.7
589,34.1,-0.7
590,34.2,-0.7
591,34.3,-0.7
592,34.4,-0.7
593,34.5,-0.7
594,34.6,-0.7
595,34.7,-0.7
596,34.8,-0.7
597,34.9,-0.7
598,35,-0.7
599,35.1,-0.7
600,35.2,-0.7
601,29.3,-0.6
602,29.4,-0.6
603,29.5,-0.6
604,29.6,-0.6
605,29.7,-0.6
606,29.8,-0.6
607,29.9,-0.6
608,30,-0.6
609,30.1,-0.6
610,30.2,-0.6
611,30.3,-0.6
612,30.4,-0.6
613,30.5,-0.6
614,30.6,-0.6
615,30.7,-0.6
616,30.8,-0.6
617,30.9,-0.6
618,31,-0.6
619,31.1,-0.6
620,31.2,-0.6
621,31.3,-0.6
622,31.4,-0.6
623,31.5,-0.6
624,31.6,-0.6
625,31.7,-0.6
626,31.8,-0.6
627,31.9,-0.6
628,32,-0.6
629,32.1,-0.6
630,32.2,-0.6
631,32.3,-0.6
632,32.4,-0.6
633,32.5,-0.6
634,32.6,-0.6
635,32.7,-0.6
636,32.8,-0.6
637,32.9,-0.6
638,33,-0.6
639,33.1,-0.6
640,33.2,-0.6
641,33.3,-0.6
642,33.4,-0.6
643,33.5,-0.6
644,33.6,-0.6
645,33.7,-0.6
646,33.8,-0.6
647,33.9,-0.6
648,34,-0.6
649,34.1,-0.6
650,34.2,-0.6
651,34.3,-0.6
652,34.4,-0.6
653,34.5,-0.6
654,34.6,-0.6
655,34.7,-0.6
656,34.8,-0.6
657,34.9,-0.6
658,35,-0.6
659,35.1,-0.6
660,35.2,-0.6
661,29.3,-0.5
662,29.4,-0.5
663,29.5,-0.5
664,29.6,-0.5
665,29.7,-0.5
666,29.8,-0.5
667,29.9,-0.5
668,30,-0.5
669,30.1,-0.5
670,30.2,-0.5
671,30.3,-0.5
672,30.4,-0.5
673,30.5,-0.5
674,30.6,-0.5
675,30.7,-0.5
676,30.8,-0.5
677,30.9,-0.5
678,31,-0.5
679,31.1,-0.5
680,31.2,-0.5
681,31.3,-0.5
682,31.4,-0.5
683,31.5,-0.5
684,31.6,-0.5
685,31.7,-0.5
686,31.8,-0.5
687,31.9,-0.5
688,32,-0.5
689,32.1,-0.5
690,32.2,-0.5
691,32.3,-0.5
692,32.4,-0.5
693,32.5,-0.5
694,32.6,-0.5
695,32.7,-0.5
696,32.8,-0.5
697,32.9,-0.5
698,33,-0.5
699,33.1,-0.5
700,33.2,-0.5
701,33.3,-0.5
702,33.4,-0.5
703,33.5,-0.5
704,33.6,-0.5
705,33.7,-0.5
706,33.8,-0.5
707,33.9,-0.5
708,34,-0.5
709,34.1,-0.5
710,34.2,-0.5
711,34.3,-0.5
712,34.4,-0.5
713,34.5,-0.5
714,34.6,-0.5
715,34.7,-0.5
716,34.8,-0.5
717,34.9,-0.5
718,35,-0.5
719,35.1,-0.5
720,35.2,-0.5
721,29.3,-0.4
722,29.4,-0.4
723,29.5,-0.4
724,29.6,-0.4
725,29.7,-0.4
726,29.8,-0.4
727,29.9,-0.4
728,30,-0.4
729,30.1,-0.4
730,30.2,-0.4
731,30.3,-0.4
732,30.4,-0.4
733,30.5,-0.4
734,30.6,-0.4
735,30.7,-0.4
736,30.8,-0.4
737,30.9,-0.4
738,31,-0.4
739,31.1,-0.4
740,31.2,-0.4
741,31.3,-0.4
742,31.4,-0.4
743,31.5,-0.4
744,31.6,-0.4
745,31.7,-0.4
746,31.8,-0.4
747,31.9,-0.4
748,32,-0.4
749,32.1,-0.4
750,32.2,-0.4
751,32.3,-0.4
752,32.4,-0.4
753,32.5,-0.4
754,32.6,-0.4
755,32.7,-0.4
756,32.8,-0.4
757,32.9,-0.4
758,33,-0.4
759,33.1,-0.4
760,33.2,-0.4
761,33.3,-0.4
762,33.4,-0.4
763,33.5,-0.4
764,33.6,-0.4
765,33.7,-0.4
766,33.8,-0.4
767,33.9,-0.4
768,34,-0.4
769,34.1,-0.4
770,34.2,-0.4
771,34.3,-0.4
772,34.4,-0.4
773,34.5,-0.4
774,34.6,-0.4
775,34.7,-0.4
776,34.8,-0.4
777,34.9,-0.4
778,35,-0.4
779,35.1,-0.4
780,35.2,-0.4
781,29.3,-0.3
782,29.4,-0.3
783,29.5,-0.3
784,29.6,-0.3
785,29.7,-0.3
786,29.8,-0.3
787,29.9,-0.3
788,30,-0.3
789,30.1,-0.3
790,30.2,-0.3
791,30.3,-0.3
792,30.4,-0.3
793,30.5,-0.3
794,30.6,-0.3
795,30.7,-0.3
796,30.8,-0.3
797,30.9,-0.3
798,31,-0.3
799,31.1,-0.3
800,31.2,-0.3
801,31.3,-0.3
802,31.4,-0.3
803,31.5,-0.3
804,31.6,-0.3
805,31.7,-0.3
806,31.8,-0.3
807,31.9,-0.3
808,32,-0.3
809,32.1,-0.3
810,32.2,-0.3
811,32.3,-0.3
812,32.4,-0.3
813,32.5,-0.3
814,32.6,-0.3
815,32.7,-0.3
816,32.8,-0.3
817,32.9,-0.3
818,33,-0.3
819,33.1,-0.3
820,33.2,-0.3
821,33.3,-0.3
822,33.4,-0.3
823,33.5,-0.3
824,33.6,-0.3
825,33.7,-0.3
826,33.8,-0.3
827,33.9,-0.3
828,34,-0.3
829,34.1,-0.3
830,34.2,-0.3
831,34.3,-0.3
832,34.4,-0.3
833,34.5,-0.3
834,34.6,-0.3
835,34.7,-0.3
836,34.8,-0.3
837,34.9,-0.3
838,35,-0.3
839,35.1,-0.3
840,35.2,-0.3
841,29.3,-0.2
842,29.4,-0.2
843,29.5,-0.2
844,29.6,-0.2
845,29.7,-0.2
846,29.8,-0.2
847,29.9,-0.2
848,30,-0.2
849,30.1,-0.2
850,30.2,-0.2
851,30.3,-0.2
852,30.4,-0.2
853,30.5,-0.2
854,30.6,-0.2
855,30.7,-0.2
856,30.8,-0.2
857,30.9,-0.2
858,31,-0.2
859,31.1,-0.2
860,31.2,-0.2
861,31.3,-0.2
862,31.4,-0.2
863,31.5,-0.2
864,31.6,-0.2
865,31.7,-0.2
866,31.8,-0.2
867,31.9,-0.2
868,32,-0.2
869,32.1,-0.2
870,32.2,-0.2
871,32.3,-0.2
872,32.4,-0.2
873,32.5,-0.2
874,32.6,-0.2
875,32.7,-0.2
876,32.8,-0.2
877,32.9,-0.2
878,33,-0.2
879,33.1,-0.2
880,33.2,-0.2
881,33.3,-0.2
882,33.4,-0.2
883,33.5,-0.2
884,33.6,-0.2
885,33.7,-0.2
886,33.8,-0.2
887,33.9,-0.2
888,34,-0.2
889,34.1,-0.2
890,34.2,-0.2
891,34.3,-0.2
892,34.4,-0.2
893,34.5,-0.2
894,34.6,-0.2
895,34.7,-0.2
896,34.8,-0.2
897,34.9,-0.2
898,35,-0.2
899,35.1,-0.2
900,35.2,-0.2
901,29.3,-0.1
902,29.4,-0.1
903,29.5,-0.1
904,29.6,-0.1
905,29.7,-0.1
906,29.8,-0.1
907,29.9,-0.1
908,30,-0.1
909,30.1,-0.1
910,30.2,-0.1
911,30.3,-0.1
912,30.4,-0.1
913,30.5,-0.1
914,30.6,-0.1
915,30.7,-0.1
916,30.8,-0.1
917,30.9,-0.1
918,31,-0.1
919,31.1,-0.1
920,31.2,-0.1
921,31.3,-0.1
922,31.4,-0.1
923,31.5,-0.1
924,31.6,-0.1
925,31.7,-0.1
926,31.8,-0.1
927,31.9,-0.1
928,32,-0.1
929,32.1,-0.1
930,32.2,-0.1
931,32.3,-0.1
932,32.4,-0.1
933,32.5,-0.1
934,32.6,-0.1
935,32.7,-0.1
936,32.8,-0.1
937,32.9,-0.1
938,33,-0.1
939,33.1,-0.1
940,33.2,-0.1
941,33.3,-0.1
942,33.4,-0.1
943,33.5,-0.1
944,33.6,-0.1
945,33.7,-0.1
946,33.8,-0.1
947,33.9,-0.1
948,34,-0.1
949,34.1,-0.1
950,34.2,-0.1
951,34.3,-0.1
952,34.4,-0.1
953,34.5,-0.1
954,34.6,-0.1
955,34.7,-0.1
956,34.8,-0.1
957,34.9,-0.1
958,35,-0.1
959,35.1,-0.1
960,35.2,-0.1
961,29.3,0
962,29.4,0
963,29.5,0
964,29.6,0
965,29.7,0
966,29.8,0
967,29.9,0
968,30,0
969,30.1,0
970,30.2,0
971,30.3,0
972,30.4,0
973,30.5,0
974,30.6,0
975,30.7,0
976,30.8,0
977,30.9,0
978,31,0
979,31.1,0
980,31.2,0
981,31.3,0
982,31.4,0
983,31.5,0
984,31.6,0
985,31.7,0
986,31.8,0
987,31.9,0
988,32,0
989,32.1,0
990,32.2,0
991,32.3,0
992,32.4,0
993,32.5,0
994,32.6,0
995,32.7,0
996,32.8,0
997,32.9,0
998,33,0
999,33.1,0
1000,33.2,0
1001,33.3,0
1002,33.4,0
1003,33.5,0
1004,33.6,0
1005,33.7,0
1006,33.8,0
1007,33.9,0
1008,34,0
1009,34.1,0
1010,34.2,0
1011,34.3,0
1012,34.4,0
1013,34.5,0
1014,34.6,0
1015,34.7,0
1016,34.8,0
1017,34.9,0
1018,35,0
1019,35.1,0
1020,35.2,0
1021,29.3,0.1
1022,29.4,0.1
1023,29.5,0.1
1024,29.6,0.1
1025,29.7,0.1
1026,29.8,0.1
1027,29.9,0.1
1028,30,0.1
1029,30.1,0.1
1030,30.2,0.1
1031,30.3,0.1
1032,30.4,0.1
1033,30.5,0.1
1034,30.6,0.1
1035,30.7,0.1
1036,30.8,0.1
1037,30.9,0.1
1038,31,0.1
1039,31.1,0.1
1040,31.2,0.1
1041,31.3,0.1
1042,31.4,0.1
1043,31.5,0.1
1044,31.6,0.1
1045,31.7,0.1
1046,31.8,0.1
1047,31.9,0.1
1048,32,0.1
1049,32.1,0.1
1050,32.2,0.1
1051,32.3,0.1
1052,32.4,0.1
1053,32.5,0.1
1054,32.6,0.1
1055,32.7,0.1
1056,32.8,0.1
1057,32.9,0.1
1058,33,0.1
1059,33.1,0.1
1060,33.2,0.1
1061,33.3,0.1
1062,33.4,0.1
1063,33.5,0.1
1064,33.6,0.1
1065,33.7,0.1
1066,33.8,0.1
1067,33.9,0.1
1068,34,0.1
1069,34.1,0.1
1070,34.2,0.1
1071,34.3,0.1
1072,34.4,0.1
1073,34.5,0.1
1074,34.6,0.1
1075,34.7,0.1
1076,34.8,0.1
1077,34.9,0.1
1078,35,0.1
1079,35.1,0.1
1080,35.2,0.1
1081,29.3,0.2
1082,29.4,0.2
1083,29.5,0.2
1084,29.6,0.2
1085,29.7,0.2
1086,29.8,0.2
1087,29.9,0.2
1088,30,0.2
1089,30.1,0.2
1090,30.2,0.2
1091,30.3,0.2
1092,30.4,0.2
1093,30.5,0.2
1094,30.6,0.2
1095,30.7,0.2
1096,30.8,0.2
1097,30.9,0.2
1098,31,0.2
1099,31.1,0.2
1100,31.2,0.2
1101,31.3,0.2
1102,31.4,0.2
1103,31.5,0.2
1104,31.6,0.2
1105,31.7,0.2
1106,31.8,0.2
1107,31.9,0.2
1108,32,0.2
1109,32.1,0.2
1110,32.2,0.2
1111,32.3,0.2
1112,32.4,0.2
1113,32.5,0.2
1114,32.6,0.2
1115,32.7,0.2
1116,32.8,0.2
1117,32.9,0.2
1118,33,0.2
1119,33.1,0.2
1120,33.2,0.2
1121,33.3,0.2
1122,33.4,0.2
1123,33.5,0.2
1124,33.6,0.2
1125,33.7,0.2
1126,33.8,0.2
1127,33.9,0.2
1128,34,0.2
1129,34.1,0.2
1130,34.2,0.2
1131,34.3,0.2
1132,34.4,0.2
1133,34.5,0.2
1134,34.6,0.2
1135,34.7,0.2
1136,34.8,0.2
1137,34.9,0.2
1138,35,0.2
1139,35.1,0.2
1140,35.2,0.2
1141,29.3,0.3
1142,29.4,0.3
1143,29.5,0.3
1144,29.6,0.3
1145,29.7,0.3
1146,29.8,0.3
1147,29.9,0.3
1148,30,0.3
1149,30.1,0.3
1150,30.2,0.3
1151,30.3,0.3
1152,30.4,0.3
1153,30.5,0.3
1154,30.6,0.3
1155,30.7,0.3
1156,30.8,0.3
1157,30.9,0.3
1158,31,0.3
1159,31.1,0.3
1160,31.2,0.3
1161,31.3,0.3
1162,31.4,0.3
1163,31.5,0.3
1164,31.6,0.3
1165,31.7,0.3
1166,31.8,0.3
1167,31.9,0.3
1168,32,0.3
1169,32.1,0.3
1170,32.2,0.3
1171,32.3,0.3
1172,32.4,0.3
1173,32.5,0.3
1174,32.6,0.3
1175,32.7,0.3
1176,32.8,0.3
1177,32.9,0.3
1178,33,0.3
1179,33.1,0.3
1180,33.2,0.3
1181,33.3,0.3
1182,33.4,0.3
1183,33.5,0.3
1184,33.6,0.3
1185,33.7,0.3
1186,33.8,0.3
1187,33.9,0.3
1188,34,0.3
1189,34.1,0.3
1190,34.2,0.3
1191,34.3,0.3
1192,34.4,0.3
1193,34.5,0.3
1194,34.6,0.3
1195,34.7,0.3
1196,34.8,0.3
1197,34.9,0.3
1198,35,0.3
1199,35.1,0.3
1200,35.2,0.3
1201,29.3,0.4
1202,29.4,0.4
1203,29.5,0.4
1204,29.6,0.4
1205,29.7,0.4
1206,29.8,0.4
1207,29.9,0.4
1208,30,0.4
1209,30.1,0.4
1210,30.2,0.4
1211,30.3,0.4
1212,30.4,0.4
1213,30.5,0.4
1214,30.6,0.4
1215,30.7,0.4
1216,30.8,0.4
1217,30.9,0.4
1218,31,0.4
1219,31.1,0.4
1220,31.2,0.4
1221,31.3,0.4
1222,31.4,0.4
1223,31.5,0.4
1224,31.6,0.4
1225,31.7,0.4
1226,31.8,0.4
1227,31.9,0.4
1228,32,0.4
1229,32.1,0.4
1230,32.2,0.4
1231,32.3,0.4
1232,32.4,0.4
1233,32.5,0.4
1234,32.6,0.4
1235,32.7,0.4
1236,32.8,0.4
1237,32.9,0.4
1238,33,0.4
1239,33.1,0.4
1240,33.2,0.4
1241,33.3,0.4
1242,33.4,0.4
1243,33.5,0.4
1244,33.6,0.4
1245,33.7,0.4
1246,33.8,0.4
1247,33.9,0.4
1248,34,0.4
1249,34.1,0.4
1250,34.2,0.4
1251,34.3,0.4
1252,34.4,0.4
1253,34.5,0.4
1254,34.6,0.4
1255,34.7,0.4
1256,34.8,0.4
1257,34.9,0.4
1258,35,0.4
1259,35.1,0.4
1260,35.2,0.4
1261,29.3,0.5
1262,29.4,0.5
1263,29.5,0.5
1264,29.6,0.5
1265,29.7,0.5
1266,29.8,0.5
1267,29.9,0.5
1268,30,0.5
1269,30.1,0.5
1270,30.2,0.5
1271,30.3,0.5
1272,30.4,0.5
1273,30.5,0.5
1274,30.6,0.5
1275,30.7,0.5
1276,30.8,0.5
1277,30.9,0.5
1278,31,0.5
1279,31.1,0.5
1280,31.2,0.5
1281,31.3,0.5
1282,31.4,0.5
1283,31.5,0.5
1284,31.6,0.5
1285,31.7,0.5
1286,31.8,0.5
1287,31.9,0.5
1288,32,0.5
1289,32.1,0.5
1290,32.2,0.5
1291,32.3,0.5
1292,32.4,0.5
1293,32.5,0.5
1294,32.6,0.5
1295,32.7,0.5
1296,32.8,0.5
1297,32.9,0.5
1298,33,0.5
1299,33.1,0.5
1300,33.2,0.5
1301,33.3,0.5
1302,33.4,0.5
1303,33.5,0.5
1304,33.6,0.5
1305,33.7,0.5
1306,33.8,0.5
1307,33.9,0.5
1308,34,0.5
1309,34.1,0.5
1310,34.2,0.5
1311,34.3,0.5
1312,34.4,0.5
1313,34.5,0.5
1314,34.6,0.5
1315,34.7,0.5
1316,34.8,0.5
1317,34.9,0.5
1318,35,0.5
1319,35.1,0.5
1320,35.2,0.5
1321,29.3,0.6
1322,29.4,0.6
1323,29.5,0.6
1324,29.6,0.6
1325,29.7,0.6
1326,29.8,0.6
1327,29.9,0.6
1328,30,0.6
1329,30.1,0.6
1330,30.2,0.6
1331,30.3,0.6
1332,30.4,0.6
1333,30.5,0.6
1334,30.6,0.6
1335,30.7,0.6
1336,30.8,0.6
1337,30.9,0.6
1338,31,0.6
1339,31.1,0.6
1340,31.2,0.6
1341,31.3,0.6
1342,31.4,0.6
1343,31.5,0.6
1344,31.6,0.6
1345,31.7,0.6
1346,31.8,0.6
1347,31.9,0.6
1348,32,0.6
1349,32.1,0.6
1350,32.2,0.6
1351,32.3,0.6
1352,32.4,0.6
1353,32.5,0.6
1354,32.6,0.6
1355,32.7,0.6
1356,32.8,0.6
1357,32.9,0.6
1358,33,0.6
1359,33.1,0.6
1360,33.2,0.6
1361,33.3,0.6
1362,33.4,0.6
1363,33.5,0.6
1364,33.6,0.6
1365,33.7,0.6
1366,33.8,0.6
1367,33.9,0.6
1368,34,0.6
1369,34.1,0.6
1370,34.2,0.6
1371,34.3,0.6
1372,34.4,0.6
1373,34.5,0.6
1374,34.6,0.6
1375,34.7,0.6
1376,34.8,0.6
1377,34.9,0.6
1378,35,0.6
1379,35.1,0.6
1380,35.2,0.6
1381,29.3,0.7
1382,29.4,0.7
1383,29.5,0.7
1384,29.6,0.7
1385,29.7,0.7
1386,29.8,0.7
1387,29.9,0.7
1388,30,0.7
1389,30.1,0.7
1390,30.2,0.7
1391,30.3,0.7
1392,30.4,0.7
1393,30.5,0.7
1394,30.6,0.7
1395,30.7,0.7
1396,30.8,0.7
1397,30.9,0.7
1398,31,0.7
1399,31.1,0.7
1400,31.2,0.7
1401,31.3,0.7
1402,31.4,0.7
1403,31.5,0.7
1404,31.6,0.7
1405,31.7,0.7
1406,31.8,0.7
1407,31.9,0.7
1408,32,0.7
1409,32.1,0.7
1410,32.2,0.7
1411,32.3,0.7
1412,32.4,0.7
1413,32.5,0.7
1414,32.6,0.7
1415,32.7,0.7
1416,32.8,0.7
1417,32.9,0.7
1418,33,0.7
1419,33.1,0.7
1420,33.2,0.7
1421,33.3,0.7
1422,33.4,0.7
1423,33.5,0.7
1424,33.6,0.7
1425,33.7,0.7
1426,33.8,0.7
1427,33.9,0.7
1428,34,0.7
1429,34.1,0.7
1430,34.2,0.7
1431,34.3,0.7
1432,34.4,0.7
1433,34.5,0.7
1434,34.6,0.7
1435,34.7,0.7
1436,34.8,0.7
1437,34.9,0.7
1438,35,0.7
1439,35.1,0.7
1440,35.2,0.7
1441,29.3,0.8
1442,29.4,0.8
1443,29.5,0.8
1444,29.6,0.8
1445,29.7,0.8
1446,29.8,0.8
1447,29.9,0.8
1448,30,0.8
1449,30.1,0.8
1450,30.2,0.8
1451,30.3,0.8
1452,30.4,0.8
1453,30.5,0.8
1454,30.6,0.8
1455,30.7,0.8
1456,30.8,0.8
1457,30.9,0.8
1458,31,0.8
1459,31.1,0.8
1460,31.2,0.8
1461,31.3,0.8
1462,31.4,0.8
1463,31.5,0.8
1464,31.6,0.8
1465,31.7,0.8
1466,31.8,0.8
1467,31.9,0.8
1468,32,0.8
1469,32.1,0.8
1470,32.2,0.8
1471,32.3,0.8
1472,32.4,0.8
1473,32.5,0.8
1474,32.6,0.8
1475,32.7,0.8
1476,32.8,0.8
1477,32.9,0.8
1478,33,0.8
1479,33.1,0.8
1480,33.2,0.8
1481,33.3,0.8
1482,33.4,0.8
1483,33.5,0.8
1484,33.6,0.8
1485,33.7,0.8
1486,33.8,0.8
1487,33.9,0.8
1488,34,0.8
1489,34.1,0.8
1490,34.2,0.8
1491,34.3,0.8
1492,34.4,0.8
1493,34.5,0.8
1494,34.6,0.8
1495,34.7,0.8
1496,34.8,0.8
1497,34.9,0.8
1498,35,0.8
1499,35.1,0.8
1500,35.2,0.8
1501,29.3,0.9
1502,29.4,0.9
1503,29.5,0.9
1504,29.6,0.9
1505,29.7,0.9
1506,29.8,0.9
1507,29.9,0.9
1508,30,0.9
1509,30.1,0.9
1510,30.2,0.9
1511,30.3,0.9
1512,30.4,0.9
1513,30.5,0.9
1514,30.6,0.9
1515,30.7,0.9
1516,30.8,0.9
1517,30.9,0.9
1518,31,0.9
1519,31.1,0.9
1520,31.2,0.9
1521,31.3,0.9
1522,31.4,0.9
1523,31.5,0.9
1524,31.6,0.9
1525,31.7,0.9
1526,31.8,0.9
1527,31.9,0.9
1528,32,0.9
1529,32.1,0.9
1530,32.2,0.9
1531,32.3,0.9
1532,32.4,0.9
1533,32.5,0.9
1534,32.6,0.9
1535,32.7,0.9
1536,32.8,0.9
1537,32.9,0.9
1538,33,0.9
1539,33.1,0.9
1540,33.2,0.9
1541,33.3,0.9
1542,33.4,0.9
1543,33.5,0.9
1544,33.6,0.9
1545,33.7,0.9
1546,33.8,0.9
1547,33.9,0.9
1548,34,0.9
1549,34.1,0.9
1550,34.2,0.9
1551,34.3,0.9
1552,34.4,0.9
1553,34.5,0.9
1554,34.6,0.9
1555,34.7,0.9
1556,34.8,0.9
1557,34.9,0.9
1558,35,0.9
1559,35.1,0.9
1560,35.2,0.9
1561,29.3,1
1562,29.4,1
1563,29.5,1
1564,29.6,1
1565,29.7,1
1566,29.8,1
1567,29.9,1
1568,30,1
1569,30.1,1
1570,30.2,1
1571,30.3,1
1572,30.4,1
1573,30.5,1
1574,30.6,1
1575,30.7,1
1576,30.8,1
1577,30.9,1
1578,31,1
1579,31.1,1
1580,31.2,1
1581,31.3,1
1582,31.4,1
1583,31.5,1
1584,31.6,1
1585,31.7,1
1586,31.8,1
1587,31.9,1
1588,32,1
1589,32.1,1
1590,32.2,1
1591,32.3,1
1592,32.4,1
1593,32.5,1
1594,32.6,1
1595,32.7,1
1596,32.8,1
1597,32.9,1
1598,33,1
1599,33.1,1
1600,33.2,1
1601,33.3,1
1602,33.4,1
1603,33.5,1
1604,33.6,1
1605,33.7,1
1606,33.8,1
1607,33.9,1
1608,34,1
1609,34.1,1
1610,34.2,1
1611,34.3,1
1612,34.4,1
1613,34.5,1
1614,34.6,1
1615,34.7,1
1616,34.8,1
1617,34.9,1
1618,35,1
1619,35.1,1
1620,35.2,1
1621,29.3,1.1
1622,29.4,1.1
1623,29.5,1.1
1624,29.6,1.1
1625,29.7,1.1
1626,29.8,1.1
1627,29.9,1.1
1628,30,1.1
1629,30.1,1.1
1630,30.2,1.1
1631,30.3,1.1
1632,30.4,1.1
1633,30.5,1.1
1634,30.6,1.1
1635,30.7,1.1
1636,30.8,1.1
1637,30.9,1.1
1638,31,1.1
1639,31.1,1.1
1640,31.2,1.1
1641,31.3,1.1
1642,31.4,1.1
1643,31.5,1.1
1644,31.6,1.1
1645,31.7,1.1
1646,31.8,1.1
1647,31.9,1.1
1648,32,1.1
1649,32.1,1.1
1650,32.2,1.1
1651,32.3,1.1
1652,32.4,1.1
1653,32.5,1.1
1654,32.6,1.1
1655,32.7,1.1
1656,32.8,1.1
1657,32.9,1.1
1658,33,1.1
1659,33.1,1.1
1660,33.2,1.1
1661,33.3,1.1
1662,33.4,1.1
1663,33.5,1.1
1664,33.6,1.1
1665,33.7,1.1
1666,33.8,1.1
1667,33.9,1.1
1668,34,1.1
1669,34.1,1.1
1670,34.2,1.1
1671,34.3,1.1
1672,34.4,1.1
1673,34.5,1.1
1674,34.6,1.1
1675,34.7,1.1
1676,34.8,1.1
1677,34.9,1.1
1678,35,1.1
1679,35.1,1.1
1680,35.2,1.1
1681,29.3,1.2
1682,29.4,1.2
1683,29.5,1.2
1684,29.6,1.2
1685,29.7,1.2
1686,29.8,1.2
1687,29.9,1.2
1688,30,1.2
1689,30.1,1.2
1690,30.2,1.2
1691,30.3,1.2
1692,30.4,1.2
1693,30.5,1.2
1694,30.6,1.2
1695,30.7,1.2
1696,30.8,1.2
1697,30.9,1.2
1698,31,1.2
1699,31.1,1.2
1700,31.2,1.2
1701,31.3,1.2
1702,31.4,1.2
1703,31.5,1.2
1704,31.6,1.2
1705,31.7,1.2
1706,31.8,1.2
1707,31.9,1.2
1708,32,1.2
1709,32.1,1.2
1710,32.2,1.2
1711,32.3,1.2
1712,32.4,1.2
1713,32.5,1.2
1714,32.6,1.2
1715,32.7,1.2
1716,32.8,1.2
1717,32.9,1.2
1718,33,1.2
1719,33.1,1.2
1720,33.2,1.2
1721,33.3,1.2
1722,33.4,1.2
1723,33.5,1.2
1724,33.6,1.2
1725,33.7,1.2
1726,33.8,1.2
1727,33.9,1.2
1728,34,1.2
1729,34.1,1.2
1730,34.2,1.2
1731,34.3,1.2
1732,34.4,1.2
1733,34.5,1.2
1734,34.6,1.2
1735,34.7,1.2
1736,34.8,1.2
1737,34.9,1.2
1738,35,1.2
1739,35.1,1.2
1740,35.2,1.2
1741,29.3,1.3
1742,29.4,1.3
1743,29.5,1.3
1744,29.6,1.3
1745,29.7,1.3
1746,29.8,1.3
1747,29.9,1.3
1748,30,1.3
1749,30.1,1.3
1750,30.2,1.3
1751,30.3,1.3
1752,30.4,1.3
1753,30.5,1.3
1754,30.6,1.3
1755,30.7,1.3
1756,30.8,1.3
1757,30.9,1.3
1758,31,1.3
1759,31.1,1.3
1760,31.2,1.3
1761,31.3,1.3
1762,31.4,1.3
1763,31.5,1.3
1764,31.6,1.3
1765,31.7,1.3
1766,31.8,1.3
1767,31.9,1.3
1768,32,1.3
1769,32.1,1.3
1770,32.2,1.3
1771,32.3,1.3
1772,32.4,1.3
1773,32.5,1.3
1774,32.6,1.3
1775,32.7,1.3
1776,32.8,1.3
1777,32.9,1.3
1778,33,1.3
1779,33.1,1.3
1780,33.2,1.3
1781,33.3,1.3
1782,33.4,1.3
1783,33.5,1.3
1784,33.6,1.3
1785,33.7,1.3
1786,33.8,1.3
1787,33.9,1.3
1788,34,1.3
1789,34.1,1.3
1790,34.2,1.3
1791,34.3,1.3
1792,34.4,1.3
1793,34.5,1.3
1794,34.6,1.3
1795,34.7,1.3
1796,34.8,1.3
1797,34.9,1.3
1798,35,1.3
1799,35.1,1.3
1800,35.2,1.3
1801,29.3,1.4
1802,29.4,1.4
1803,29.5,1.4
1804,29.6,1.4
1805,29.7,1.4
1806,29.8,1.4
1807,29.9,1.4
1808,30,1.4
1809,30.1,1.4
1810,30.2,1.4
1811,30.3,1.4
1812,30.4,1.4
1813,30.5,1.4
1814,30.6,1.4
1815,30.7,1.4
1816,30.8,1.4
1817,30.9,1.4
1818,31,1.4
1819,31.1,1.4
1820,31.2,1.4
1821,31.3,1.4
1822,31.4,1.4
1823,31.5,1.4
1824,31.6,1.4
1825,31.7,1.4
1826,31.8,1.4
1827,31.9,1.4
1828,32,1.4
1829,32.1,1.4
1830,32.2,1.4
1831,32.3,1.4
1832,32.4,1.4
1833,32.5,1.4
1834,32.6,1.4
1835,32.7,1.4
1836,32.8,1.4
1837,32.9,1.4
1838,33,1.4
1839,33.1,1.4
1840,33.2,1.4
1841,33.3,1.4
1842,33.4,1.4
1843,33.5,1.4
1844,33.6,1.4
1845,33.7,1.4
1846,33.8,1.4
1847,33.9,1.4
1848,34,1.4
1849,34.1,1.4
1850,34.2,1.4
1851,34.3,1.4
1852,34.4,1.4
1853,34.5,1.4
1854,34.6,1.4
1855,34.7,1.4
1856,34.8,1.4
1857,34.9,1.4
1858,35,1.4
1859,35.1,1.4
1860,35.2,1.4
1861,29.3,1.5
1862,29.4,1.5
1863,29.5,1.5
1864,29.6,1.5
1865,29.7,1.5
1866,29.8,1.5
1867,29.9,1.5
1868,30,1.5
1869,30.1,1.5
1870,30.2,1.5
1871,30.3,1.5
1872,30.4,1.5
1873,30.5,1.5
1874,30.6,1.5
1875,30.7,1.5
1876,30.8,1.5
1877,30.9,1.5
1878,31,1.5
1879,31.1,1.5
1880,31.2,1.5
1881,31.3,1.5
1882,31.4,1.5
1883,31.5,1.5
1884,31.6,1.5
1885,31.7,1.5
1886,31.8,1.5
1887,31.9,1.5
1888,32,1.5
1889,32.1,1.5
1890,32.2,1.5
1891,32.3,1.5
1892,32.4,1.5
1893,32.5,1.5
1894,32.6,1.5
1895,32.7,1.5
1896,32.8,1.5
1897,32.9,1.5
1898,33,1.5
1899,33.1,1.5
1900,33.2,1.5
1901,33.3,1.5
1902,33.4,1.5
1903,33.5,1.5
1904,33.6,1.5
1905,33.7,1.5
1906,33.8,1.5
1907,33.9,1.5
1908,34,1.5
1909,34.1,1.5
1910,34.2,1.5
1911,34.3,1.5
1912,34.4,1.5
1913,34.5,1.5
1914,34.6,1.5
1915,34.7,1.5
1916,34.8,1.5
1917,34.9,1.5
1918,35,1.5
1919,35.1,1.5
1920,35.2,1.5
1921,29.3,1.6
1922,29.4,1.6
1923,29.5,1.6
1924,29.6,1.6
1925,29.7,1.6
1926,29.8,1.6
1927,29.9,1.6
1928,30,1.6
1929,30.1,1.6
1930,30.2,1.6
1931,30.3,1.6
1932,30.4,1.6
1933,30.5,1.6
1934,30.6,1.6
1935,30.7,1.6
1936,30.8,1.6
1937,30.9,1.6
1938,31,1.6
1939,31.1,1.6
1940,31.2,1.6
1941,31.3,1.6
1942,31.4,1.6
1943,31.5,1.6
1944,31.6,1.6
1945,31.7,1.6
1946,31.8,1.6
1947,31.9,1.6
1948,32,1.6
1949,32.1,1.6
1950,32.2,1.6
1951,32.3,1.6
1952,32.4,1.6
1953,32.5,1.6
1954,32.6,1.6
1955,32.7,1.6
1956,32.8,1.6
1957,32.9,1.6
1958,33,1.6
1959,33.1,1.6
1960,33.2,1.6
1961,33.3,1.6
1962,33.4,1.6
1963,33.5,1.6
1964,33.6,1.6
1965,33.7,1.6
1966,33.8,1.6
1967,33.9,1.6
1968,34,1.6
1969,34.1,1.6
1970,34.2,1.6
1971,34.3,1.6
1972,34.4,1.6
1973,34.5,1.6
1974,34.6,1.6
1975,34.7,1.6
1976,34.8,1.6
1977,34.9,1.6
1978,35,1.6
1979,35.1,1.6
1980,35.2,1.6
1981,29.3,1.7
1982,29.4,1.7
1983,29.5,1.7
1984,29.6,1.7
1985,29.7,1.7
1986,29.8,1.7
1987,29.9,1.7
1988,30,1.7
1989,30.1,1.7
1990,30.2,1.7
1991,30.3,1.7
1992,30.4,1.7
1993,30.5,1.7
1994,30.6,1.7
1995,30.7,1.7
1996,30.8,1.7
1997,30.9,1.7
1998,31,1.7
1999,31.1,1.7
2000,31.2,1.7
2001,31.3,1.7
2002,31.4,1.7
2003,31.5,1.7
2004,31.6,1.7
2005,31.7,1.7
2006,31.8,1.7
2007,31.9,1.7
2008,32,1.7
2009,32.1,1.7
2010,32.2,1.7
2011,32.3,1.7
2012,32.4,1.7
2013,32.5,1.7
2014,32.6,1.7
2015,32.7,1.7
2016,32.8,1.7
2017,32.9,1.7
2018,33,1.7
2019,33.1,1.7
2020,33.2,1.7
2021,33.3,1.7
2022,33.4,1.7
2023,33.5,1.7
2024,33.6,1.7
2025,33.7,1.7
2026,33.8,1.7
2027,33.9,1.7
2028,34,1.7
2029,34.1,1.7
2030,34.2,1.7
2031,34.3,1.7
2032,34.4,1.7
2033,34.5,1.7
2034,34.6,1.7
2035,34.7,1.7
2036,34.8,1.7
2037,34.9,1.7
2038,35,1.7
2039,35.1,1.7
2040,35.2,1.7
2041,29.3,1.8
2042,29.4,1.8
2043,29.5,1.8
2044,29.6,1.8
2045,29.7,1.8
2046,29.8,1.8
2047,29.9,1.8
2048,30,1.8
2049,30.1,1.8
2050,30.2,1.8
2051,30.3,1.8
2052,30.4,1.8
2053,30.5,1.8
2054,30.6,1.8
2055,30.7,1.8
2056,30.8,1.8
2057,30.9,1.8
2058,31,1.8
2059,31.1,1.8
2060,31.2,1.8
2061,31.3,1.8
2062,31.4,1.8
2063,31.5,1.8
2064,31.6,1.8
2065,31.7,1.8
2066,31.8,1.8
2067,31.9,1.8
2068,32,1.8
2069,32.1,1.8
2070,32.2,1.8
2071,32.3,1.8
2072,32.4,1.8
2073,32.5,1.8
2074,32.6,1.8
2075,32.7,1.8
2076,32.8,1.8
2077,32.9,1.8
2078,33,1.8
2079,33.1,1.8
2080,33.2,1.8
2081,33.3,1.8
2082,33.4,1.8
2083,33.5,1.8
2084,33.6,1.8
2085,33.7,1.8
2086,33.8,1.8
2087,33.9,1.8
2088,34,1.8
2089,34.1,1.8
2090,34.2,1.8
2091,34.3,1.8
2092,34.4,1.8
2093,34.5,1.8
2094,34.6,1.8
2095,34.7,1.8
2096,34.8,1.8
2097,34.9,1.8
2098,35,1.8
2099,35.1,1.8
2100,35.2,1.8
2101,29.3,1.9
2102,29.4,1.9
2103,29.5,1.9
2104,29.6,1.9
2105,29.7,1.9
2106,29.8,1.9
2107,29.9,1.9
2108,30,1.9
2109,30.1,1.9
2110,30.2,1.9
2111,30.3,1.9
2112,30.4,1.9
2113,30.5,1.9
2114,30.6,1.9
2115,30.7,1.9
2116,30.8,1.9
2117,30.9,1.9
2118,31,1.9
2119,31.1,1.9
2120,31.2,1.9
2121,31.3,1.9
2122,31.4,1.9
2123,31.5,1.9
2124,31.6,1.9
2125,31.7,1.9
2126,31.8,1.9
2127,31.9,1.9
2128,32,1.9
2129,32.1,1.9
2130,32.2,1.9
2131,32.3,1.9
2132,32.4,1.9
2133,32.5,1.9
2134,32.6,1.9
2135,32.7,1.9
2136,32.8,1.9
2137,32.9,1.9
2138,33,1.9
2139,33.1,1.9
2140,33.2,1.9
2141,33.3,1.9
2142,33.4,1.9
2143,33.5,1.9
2144,33.6,1.9
2145,33.7,1.9
2146,33.8,1.9
2147,33.9,1.9
2148,34,1.9
2149,34.1,1.9
2150,34.2,1.9
2151,34.3,1.9
2152,34.4,1.9
2153,34.5,1.9
2154,34.6,1.9
2155,34.7,1.9
2156,34.8,1.9
2157,34.9,1.9
2158,35,1.9
2159,35.1,1.9
2160,35.2,1.9
2161,29.3,2
2162,29.4,2
2163,29.5,2
2164,29.6,2
2165,29.7,2
2166,29.8,2
2167,29.9,2
2168,30,2
2169,30.1,2
2170,30.2,2
2171,30.3,2
2172,30.4,2
2173,30.5,2
2174,30.6,2
2175,30.7,2
2176,30.8,2
2177,30.9,2
2178,31,2
2179,31.1,2
2180,31.2,2
2181,31.3,2
2182,31.4,2
2183,31.5,2
2184,31.6,2
2185,31.7,2
2186,31.8,2
2187,31.9,2
2188,32,2
2189,32.1,2
2190,32.2,2
2191,32.3,2
2192,32.4,2
2193,32.5,2
2194,32.6,2
2195,32.7,2
2196,32.8,2
2197,32.9,2
2198,33,2
2199,33.1,2
2200,33.2,2
2201,33.3,2
2202,33.4,2
2203,33.5,2
2204,33.6,2
2205,33.7,2
2206,33.8,2
2207,33.9,2
2208,34,2
2209,34.1,2
2210,34.2,2
2211,34.3,2
2212,34.4,2
2213,34.5,2
2214,34.6,2
2215,34.7,2
2216,34.8,2
2217,34.9,2
2218,35,2
2219,35.1,2
2220,35.2,2
2221,29.3,2.1
2222,29.4,2.1
2223,29.5,2.1
2224,29.6,2.1
2225,29.7,2.1
2226,29.8,2.1
2227,29.9,2.1
2228,30,2.1
2229,30.1,2.1
2230,30.2,2.1
2231,30.3,2.1
2232,30.4,2.1
2233,30.5,2.1
2234,30.6,2.1
2235,30.7,2.1
2236,30.8,2.1
2237,30.9,2.1
2238,31,2.1
2239,31.1,2.1
2240,31.2,2.1
2241,31.3,2.1
2242,31.4,2.1
2243,31.5,2.1
2244,31.6,2.1
2245,31.7,2.1
2246,31.8,2.1
2247,31.9,2.1
2248,32,2.1
2249,32.1,2.1
2250,32.2,2.1
2251,32.3,2.1
2252,32.4,2.1
2253,32.5,2.1
2254,32.6,2.1
2255,32.7,2.1
2256,32.8,2.1
2257,32.9,2.1
2258,33,2.1
2259,33.1,2.1
2260,33.2,2.1
2261,33.3,2.1
2262,33.4,2.1
2263,33.5,2.1
2264,33.6,2.1
2265,33.7,2.1
2266,33.8,2.1
2267,33.9,2.1
2268,34,2.1
2269,34.1,2.1
2270,34.2,2.1
2271,34.3,2.1
2272,34.4,2.1
2273,34.5,2.1
2274,34.6,2.1
2275,34.7,2.1
2276,34.8,2.1
2277,34.9,2.1
2278,35,2.1
2279,35.1,2.1
2280,35.2,2.1
2281,29.3,2.2
2282,29.4,2.2
2283,29.5,2.2
2284,29.6,2.2
2285,29.7,2.2
2286,29.8,2.2
2287,29.9,2.2
2288,30,2.2
2289,30.1,2.2
2290,30.2,2.2
2291,30.3,2.2
2292,30.4,2.2
2293,30.5,2.2
2294,30.6,2.2
2295,30.7,2.2
2296,30.8,2.2
2297,30.9,2.2
2298,31,2.2
2299,31.1,2.2
2300,31.2,2.2
2301,31.3,2.2
2302,31.4,2.2
2303,31.5,2.2
2304,31.6,2.2
2305,31.7,2.2
2306,31.8,2.2
2307,31.9,2.2
2308,32,2.2
2309,32.1,2.2
2310,32.2,2.2
2311,32.3,2.2
2312,32.4,2.2
2313,32.5,2.2
2314,32.6,2.2
2315,32.7,2.2
2316,32.8,2.2
2317,32.9,2.2
2318,33,2.2
2319,33.1,2.2
2320,33.2,2.2
2321,33.3,2.2
2322,33.4,2.2
2323,33.5,2.2
2324,33.6,2.2
2325,33.7,2.2
2326,33.8,2.2
2327,33.9,2.2
2328,34,2.2
2329,34.1,2.2
2330,34.2,2.2
2331,34.3,2.2
2332,34.4,2.2
2333,34.5,2.2
2334,34.6,2.2
2335,34.7,2.2
2336,34.8,2.2
2337,34.9,2.2
2338,35,2.2
2339,35.1,2.2
2340,35.2,2.2
2341,29.3,2.3
2342,29.4,2.3
2343,29.5,2.3
2344,29.6,2.3
2345,29.7,2.3
2346,29.8,2.3
2347,29.9,2.3
2348,30,2.3
2349,30.1,2.3
2350,30.2,2.3
2351,30.3,2.3
2352,30.4,2.3
2353,30.5,2.3
2354,30.6,2.3
2355,30.7,2.3
2356,30.8,2.3
2357,30.9,2.3
2358,31,2.3
2359,31.1,2.3
2360,31.2,2.3
2361,31.3,2.3
2362,31.4,2.3
2363,31.5,2.3
2364,31.6,2.3
2365,31.7,2.3
2366,31.8,2.3
2367,31.9,2.3
2368,32,2.3
2369,32.1,2.3
2370,32.2,2.3
2371,32.3,2.3
2372,32.4,2.3
2373,32.5,2.3
2374,32.6,2.3
2375,32.7,2.3
2376,32.8,2.3
2377,32.9,2.3
2378,33,2.3
2379,33.1,2.3
2380,33.2,2.3
2381,33.3,2.3
2382,33.4,2.3
2383,33.5,2.3
2384,33.6,2.3
2385,33.7,2.3
2386,33.8,2.3
2387,33.9,2.3
2388,34,2.3
2389,34.1,2.3
2390,34.2,2.3
2391,34.3,2.3
2392,34.4,2.3
2393,34.5,2.3
2394,34.6,2.3
2395,34.7,2.3
2396,34.8,2.3
2397,34.9,2.3
2398,35,2.3
2399,35.1,2.3
2400,35.2,2.3
2401,29.3,2.4
2402,29.4,2.4
2403,29.5,2.4
2404,29.6,2.4
2405,29.7,2.4
2406,29.8,2.4
2407,29.9,2.4
2408,30,2.4
2409,30.1,2.4
2410,30.2,2.4
2411,30.3,2.4
2412,30.4,2.4
2413,30.5,2.4
2414,30.6,2.4
2415,30.7,2.4
2416,30.8,2.4
2417,30.9,2.4
2418,31,2.4
2419,31.1,2.4
2420,31.2,2.4
2421,31.3,2.4
2422,31.4,2.4
2423,31.5,2.4
2424,31.6,2.4
2425,31.7,2.4
2426,31.8,2.4
2427,31.9,2.4
2428,32,2.4
2429,32.1,2.4
2430,32.2,2.4
2431,32.3,2.4
2432,32.4,2.4
2433,32.5,2.4
2434,32.6,2.4
2435,32.7,2.4
2436,32.8,2.4
2437,32.9,2.4
2438,33,2.4
2439,33.1,2.4
2440,33.2,2.4
2441,33.3,2.4
2442,33.4,2.4
2443,33.5,2.4
2444,33.6,2.4
2445,33.7,2.4
2446,33.8,2.4
2447,33.9,2.4
2448,34,2.4
2449,34.1,2.4
2450,34.2,2.4
2451,34.3,2.4
2452,34.4,2.4
2453,34.5,2.4
2454,34.6,2.4
2455,34.7,2.4
2456,34.8,2.4
2457,34.9,2.4
2458,35,2.4
2459,35.1,2.4
2460,35.2,2.4
2461,29.3,2.5
2462,29.4,2.5
2463,29.5,2.5
2464,29.6,2.5
2465,29.7,2.5
2466,29.8,2.5
2467,29.9,2.5
2468,30,2.5
2469,30.1,2.5
2470,30.2,2.5
2471,30.3,2.5
2472,30.4,2.5
2473,30.5,2.5
2474,30.6,2.5
2475,30.7,2.5
2476,30.8,2.5
2477,30.9,2.5
2478,31,2.5
2479,31.1,2.5
2480,31.2,2.5
2481,31.3,2.5
2482,31.4,2.5
2483,31.5,2.5
2484,31.6,2.5
2485,31.7,2.5
2486,31.8,2.5
2487,31.9,2.5
2488,32,2.5
2489,32.1,2.5
2490,32.2,2.5
2491,32.3,2.5
2492,32.4,2.5
2493,32.5,2.5
2494,32.6,2.5
2495,32.7,2.5
2496,32.8,2.5
2497,32.9,2.5
2498,33,2.5
2499,33.1,2.5
2500,33.2,2.5
2501,33.3,2.5
2502,33.4,2.5
2503,33.5,2.5
2504,33.6,2.5
2505,33.7,2.5
2506,33.8,2.5
2507,33.9,2.5
2508,34,2.5
2509,34.1,2.5
2510,34.2,2.5
2511,34.3,2.5
2512,34.4,2.5
2513,34.5,2.5
2514,34.6,2.5
2515,34.7,2.5
2516,34.8,2.5
2517,34.9,2.5
2518,35,2.5
2519,35.1,2.5
2520,35.2,2.5
2521,29.3,2.6
2522,29.4,2.6
2523,29.5,2.6
2524,29.6,2.6
2525,29.7,2.6
2526,29.8,2.6
2527,29.9,2.6
2528,30,2.6
2529,30.1,2.6
2530,30.2,2.6
2531,30.3,2.6
2532,30.4,2.6
2533,30.5,2.6
2534,30.6,2.6
2535,30.7,2.6
2536,30.8,2.6
2537,30.9,2.6
2538,31,2.6
2539,31.1,2.6
2540,31.2,2.6
2541,31.3,2.6
2542,31.4,2.6
2543,31.5,2.6
2544,31.6,2.6
2545,31.7,2.6
2546,31.8,2.6
2547,31.9,2.6
2548,32,2.6
2549,32.1,2.6
2550,32.2,2.6
2551,32.3,2.6
2552,32.4,2.6
2553,32.5,2.6
2554,32.6,2.6
2555,32.7,2.6
2556,32.8,2.6
2557,32.9,2.6
2558,33,2.6
2559,33.1,2.6
2560,33.2,2.6
2561,33.3,2.6
2562,33.4,2.6
2563,33.5,2.6
2564,33.6,2.6
2565,33.7,2.6
2566,33.8,2.6
2567,33.9,2.6
2568,34,2.6
2569,34.1,2.6
2570,34.2,2.6
2571,34.3,2.6
2572,34.4,2.6
2573,34.5,2.6
2574,34.6,2.6
2575,34.7,2.6
2576,34.8,2.6
2577,34.9,2.6
2578,35,2.6
2579,35.1,2.6
2580,35.2,2.6
2581,29.3,2.7
2582,29.4,2.7
2583,29.5,2.7
2584,29.6,2.7
2585,29.7,2.7
2586,29.8,2.7
2587,29.9,2.7
2588,30,2.7
2589,30.1,2.7
2590,30.2,2.7
2591,30.3,2.7
2592,30.4,2.7
2593,30.5,2.7
2594,30.6,2.7
2595,30.7,2.7
2596,30.8,2.7
2597,30.9,2.7
2598,31,2.7
2599,31.1,2.7
2600,31.2,2.7
2601,31.3,2.7
2602,31.4,2.7
2603,31.5,2.7
2604,31.6,2.7
2605,31.7,2.7
2606,31.8,2.7
2607,31.9,2.7
2608,32,2.7
2609,32.1,2.7
2610,32.2,2.7
2611,32.3,2.7
2612,32.4,2.7
2613,32.5,2.7
2614,32.6,2.7
2615,32.7,2.7
2616,32.8,2.7
2617,32.9,2.7
2618,33,2.7
2619,33.1,2.7
2620,33.2,2.7
2621,33.3,2.7
2622,33.4,2.7
2623,33.5,2.7
2624,33.6,2.7
2625,33.7,2.7
2626,33.8,2.7
2627,33.9,2.7
2628,34,2.7
2629,34.1,2.7
2630,34.2,2.7
2631,34.3,2.7
2632,34.4,2.7
2633,34.5,2.7
2634,34.6,2.7
2635,34.7,2.7
2636,34.8,2.7
2637,34.9,2.7
2638,35,2.7
2639,35.1,2.7
2640,35.2,2.7
2641,29.3,2.8
2642,29.4,2.8
2643,29.5,2.8
2644,29.6,2.8
2645,29.7,2.8
2646,29.8,2.8
2647,29.9,2.8
2648,30,2.8
2649,30.1,2.8
2650,30.2,2.8
2651,30.3,2.8
2652,30.4,2.8
2653,30.5,2.8
2654,30.6,2.8
2655,30.7,2.8
2656,30.8,2.8
2657,30.9,2.8
2658,31,2.8
2659,31.1,2.8
2660,31.2,2.8
2661,31.3,2.8
2662,31.4,2.8
2663,31.5,2.8
2664,31.6,2.8
2665,31.7,2.8
2666,31.8,2.8
2667,31.9,2.8
2668,32,2.8
2669,32.1,2.8
2670,32.2,2.8
2671,32.3,2.8
2672,32.4,2.8
2673,32.5,2.8
2674,32.6,2.8
2675,32.7,2.8
2676,32.8,2.8
2677,32.9,2.8
2678,33,2.8
2679,33.1,2.8
2680,33.2,2.8
2681,33.3,2.8
2682,33.4,2.8
2683,33.5,2.8
2684,33.6,2.8
2685,33.7,2.8
2686,33.8,2.8
2687,33.9,2.8
2688,34,2.8
2689,34.1,2.8
2690,34.2,2.8
2691,34.3,2.8
2692,34.4,2.8
2693,34.5,2.8
2694,34.6,2.8
2695,34.7,2.8
2696,34.8,2.8
2697,34.9,2.8
2698,35,2.8
2699,35.1,2.8
2700,35.2,2.8
2701,29.3,2.9
2702,29.4,2.9
2703,29.5,2.9
2704,29.6,2.9
2705,29.7,2.9
2706,29.8,2.9
2707,29.9,2.9
2708,30,2.9
2709,30.1,2.9
2710,30.2,2.9
2711,30.3,2.9
2712,30.4,2.9
2713,30.5,2.9
2714,30.6,2.9
2715,30.7,2.9
2716,30.8,2.9
2717,30.9,2.9
2718,31,2.9
2719,31.1,2.9
2720,31.2,2.9
2721,31.3,2.9
2722,31.4,2.9
2723,31.5,2.9
2724,31.6,2.9
2725,31.7,2.9
2726,31.8,2.9
2727,31.9,2.9
2728,32,2.9
2729,32.1,2.9
2730,32.2,2.9
2731,32.3,2.9
2732,32.4,2.9
2733,32.5,2.9
2734,32.6,2.9
2735,32.7,2.9
2736,32.8,2.9
2737,32.9,2.9
2738,33,2.9
2739,33.1,2.9
2740,33.2,2.9
2741,33.3,2.9
2742,33.4,2.9
2743,33.5,2.9
2744,33.6,2.9
2745,33.7,2.9
2746,33.8,2.9
2747,33.9,2.9
2748,34,2.9
2749,34.1,2.9
2750,34.2,2.9
2751,34.3,2.9
2752,34.4,2.9
2753,34.5,2.9
2754,34.6,2.9
2755,34.7,2.9
2756,34.8,2.9
2757,34.9,2.9
2758,35,2.9
2759,35.1,2.9
2760,35.2,2.9
2761,29.3,3
2762,29.4,3
2763,29.5,3
2764,29.6,3
2765,29.7,3
2766,29.8,3
2767,29.9,3
2768,30,3
2769,30.1,3
2770,30.2,3
2771,30.3,3
2772,30.4,3
2773,30.5,3
2774,30.6,3
2775,30.7,3
2776,30.8,3
2777,30.9,3
2778,31,3
2779,31.1,3
2780,31.2,3
2781,31.3,3
2782,31.4,3
2783,31.5,3
2784,31.6,3
2785,31.7,3
2786,31.8,3
2787,31.9,3
2788,32,3
2789,32.1,3
2790,32.2,3
2791,32.3,3
2792,32.4,3
2793,32.5,3
2794,32.6,3
2795,32.7,3
2796,32.8,3
2797,32.9,3
2798,33,3
2799,33.1,3
2800,33.2,3
2801,33.3,3
2802,33.4,3
2803,33.5,3
2804,33.6,3
2805,33.7,3
2806,33.8,3
2807,33.9,3
2808,34,3
2809,34.1,3
2810,34.2,3
2811,34.3,3
2812,34.4,3
2813,34.5,3
2814,34.6,3
2815,34.7,3
2816,34.8,3
2817,34.9,3
2818,35,3
2819,35.1,3
2820,35.2,3
2821,29.3,3.1
2822,29.4,3.1
2823,29.5,3.1
2824,29.6,3.1
2825,29.7,3.1
2826,29.8,3.1
2827,29.9,3.1
2828,30,3.1
2829,30.1,3.1
2830,30.2,3.1
2831,30.3,3.1
2832,30.4,3.1
2833,30.5,3.1
2834,30.6,3.1
2835,30.7,3.1
2836,30.8,3.1
2837,30.9,3.1
2838,31,3.1
2839,31.1,3.1
2840,31.2,3.1
2841,31.3,3.1
2842,31.4,3.1
2843,31.5,3.1
2844,31.6,3.1
2845,31.7,3.1
2846,31.8,3.1
2847,31.9,3.1
2848,32,3.1
2849,32.1,3.1
2850,32.2,3.1
2851,32.3,3.1
2852,32.4,3.1
2853,32.5,3.1
2854,32.6,3.1
2855,32.7,3.1
2856,32.8,3.1
2857,32.9,3.1
2858,33,3.1
2859,33.1,3.1
2860,33.2,3.1
2861,33.3,3.1
2862,33.4,3.1
2863,33.5,3.1
2864,33.6,3.1
2865,33.7,3.1
2866,33.8,3.1
2867,33.9,3.1
2868,34,3.1
2869,34.1,3.1
2870,34.2,3.1
2871,34.3,3.1
2872,34.4,3.1
2873,34.5,3.1
2874,34.6,3.1
2875,34.7,3.1
2876,34.8,3.1
2877,34.9,3.1
2878,35,3.1
2879,35.1,3.1
2880,35.2,3.1
2881,29.3,3.2
2882,29.4,3.2
2883,29.5,3.2
2884,29.6,3.2
2885,29.7,3.2
2886,29.8,3.2
2887,29.9,3.2
2888,30,3.2
2889,30.1,3.2
2890,30.2,3.2
2891,30.3,3.2
2892,30.4,3.2
2893,30.5,3.2
2894,30.6,3.2
2895,30.7,3.2
2896,30.8,3.2
2897,30.9,3.2
2898,31,3.2
2899,31.1,3.2
2900,31.2,3.2
2901,31.3,3.2
2902,31.4,3.2
2903,31.5,3.2
2904,31.6,3.2
2905,31.7,3.2
2906,31.8,3.2
2907,31.9,3.2
2908,32,3.2
2909,32.1,3.2
2910,32.2,3.2
2911,32.3,3.2
2912,32.4,3.2
2913,32.5,3.2
2914,32.6,3.2
2915,32.7,3.2
2916,32.8,3.2
2917,32.9,3.2
2918,33,3.2
2919,33.1,3.2
2920,33.2,3.2
2921,33.3,3.2
2922,33.4,3.2
2923,33.5,3.2
2924,33.6,3.2
2925,33.7,3.2
2926,33.8,3.2
2927,33.9,3.2
2928,34,3.2
2929,34.1,3.2
2930,34.2,3.2
2931,34.3,3.2
2932,34.4,3.2
2933,34.5,3.2
2934,34.6,3.2
2935,34.7,3.2
2936,34.8,3.2
2937,34.9,3.2
2938,35,3.2
2939,35.1,3.2
2940,35.2,3.2
2941,29.3,3.3
2942,29.4,3.3
2943,29.5,3.3
2944,29.6,3.3
2945,29.7,3.3
2946,29.8,3.3
2947,29.9,3.3
2948,30,3.3
2949,30.1,3.3
2950,30.2,3.3
2951,30.3,3.3
2952,30.4,3.3
2953,30.5,3.3
2954,30.6,3.3
2955,30.7,3.3
2956,30.8,3.3
2957,30.9,3.3
2958,31,3.3
2959,31.1,3.3
2960,31.2,3.3
2961,31.3,3.3
2962,31.4,3.3
2963,31.5,3.3
2964,31.6,3.3
2965,31.7,3.3
2966,31.8,3.3
2967,31.9,3.3
2968,32,3.3
2969,32.1,3.3
2970,32.2,3.3
2971,32.3,3.3
2972,32.4,3.3
2973,32.5,3.3
2974,32.6,3.3
2975,32.7,3.3
2976,32.8,3.3
2977,32.9,3.3
2978,33,3.3
2979,33.1,3.3
2980,33.2,3.3
2981,33.3,3.3
2982,33.4,3.3
2983,33.5,3.3
2984,33.6,3.3
2985,33.7,3.3
2986,33.8,3.3
2987,33.9,3.3
2988,34,3.3
2989,34.1,3.3
2990,34.2,3.3
2991,34.3,3.3
2992,34.4,3.3
2993,34.5,3.3
2994,34.6,3.3
2995,34.7,3.3
2996,34.8,3.3
2997,34.9,3.3
2998,35,3.3
2999,35.1,3.3
3000,35.2,3.3
3001,29.3,3.4
3002,29.4,3.4
3003,29.5,3.4
3004,29.6,3.4
3005,29.7,3.4
3006,29.8,3.4
3007,29.9,3.4
3008,30,3.4
3009,30.1,3.4
3010,30.2,3.4
3011,30.3,3.4
3012,30.4,3.4
3013,30.5,3.4
3014,30.6,3.4
3015,30.7,3.4
3016,30.8,3.4
3017,30.9,3.4
3018,31,3.4
3019,31.1,3.4
3020,31.2,3.4
3021,31.3,3.4
3022,31.4,3.4
3023,31.5,3.4
3024,31.6,3.4
3025,31.7,3.4
3026,31.8,3.4
3027,31.9,3.4
3028,32,3.4
3029,32.1,3.4
3030,32.2,3.4
3031,32.3,3.4
3032,32.4,3.4
3033,32.5,3.4
3034,32.6,3.4
3035,32.7,3.4
3036,32.8,3.4
3037,32.9,3.4
3038,33,3.4
3039,33.1,3.4
3040,33.2,3.4
3041,33.3,3.4
3042,33.4,3.4
3043,33.5,3.4
3044,33.6,3.4
3045,33.7,3.4
3046,33.8,3.4
3047,33.9,3.4
3048,34,3.4
3049,34.1,3.4
3050,34.2,3.4
3051,34.3,3.4
3052,34.4,3.4
3053,34.5,3.4
3054,34.6,3.4
3055,34.7,3.4
3056,34.8,3.4
3057,34.9,3.4
3058,35,3.4
3059,35.1,3.4
3060,35.2,3.4
3061,29.3,3.5
3062,29.4,3.5
3063,29.5,3.5
3064,29.6,3.5
3065,29.7,3.5
3066,29.8,3.5
3067,29.9,3.5
3068,30,3.5
3069,30.1,3.5
3070,30.2,3.5
3071,30.3,3.5
3072,30.4,3.5
3073,30.5,3.5
3074,30.6,3.5
3075,30.7,3.5
3076,30.8,3.5
3077,30.9,3.5
3078,31,3.5
3079,31.1,3.5
3080,31.2,3.5
3081,31.3,3.5
3082,31.4,3.5
3083,31.5,3.5
3084,31.6,3.5
3085,31.7,3.5
3086,31.8,3.5
3087,31.9,3.5
3088,32,3.5
3089,32.1,3.5
3090,32.2,3.5
3091,32.3,3.5
3092,32.4,3.5
3093,32.5,3.5
3094,32.6,3.5
3095,32.7,3.5
3096,32.8,3.5
3097,32.9,3.5
3098,33,3.5
3099,33.1,3.5
3100,33.2,3.5
3101,33.3,3.5
3102,33.4,3.5
3103,33.5,3.5
3104,33.6,3.5
3105,33.7,3.5
3106,33.8,3.5
3107,33.9,3.5
3108,34,3.5
3109,34.1,3.5
3110,34.2,3.5
3111,34.3,3.5
3112,34.4,3.5
3113,34.5,3.5
3114,34.6,3.5
3115,34.7,3.5
3116,34.8,3.5
3117,34.9,3.5
3118,35,3.5
3119,35.1,3.5
3120,35.2,3.5
3121,29.3,3.6
3122,29.4,3.6
3123,29.5,3.6
3124,29.6,3.6
3125,29.7,3.6
3126,29.8,3.6
3127,29.9,3.6
3128,30,3.6
3129,30.1,3.6
3130,30.2,3.6
3131,30.3,3.6
3132,30.4,3.6
3133,30.5,3.6
3134,30.6,3.6
3135,30.7,3.6
3136,30.8,3.6
3137,30.9,3.6
3138,31,3.6
3139,31.1,3.6
3140,31.2,3.6
3141,31.3,3.6
3142,31.4,3.6
3143,31.5,3.6
3144,31.6,3.6
3145,31.7,3.6
3146,31.8,3.6
3147,31.9,3.6
3148,32,3.6
3149,32.1,3.6
3150,32.2,3.6
3151,32.3,3.6
3152,32.4,3.6
3153,32.5,3.6
3154,32.6,3.6
3155,32.7,3.6
3156,32.8,3.6
3157,32.9,3.6
3158,33,3.6
3159,33.1,3.6
3160,33.2,3.6
3161,33.3,3.6
3162,33.4,3.6
3163,33.5,3.6
3164,33.6,3.6
3165,33.7,3.6
3166,33.8,3.6
3167,33.9,3.6
3168,34,3.6
3169,34.1,3.6
3170,34.2,3.6
3171,34.3,3.6
3172,34.4,3.6
3173,34.5,3.6
3174,34.6,3.6
3175,34.7,3.6
3176,34.8,3.6
3177,34.9,3.6
3178,35,3.6
3179,35.1,3.6
3180,35.2,3.6
3181,29.3,3.7
3182,29.4,3.7
3183,29.5,3.7
3184,29.6,3.7
3185,29.7,3.7
3186,29.8,3.7
3187,29.9,3.7
3188,30,3.7
3189,30.1,3.7
3190,30.2,3.7
3191,30.3,3.7
3192,30.4,3.7
3193,30.5,3.7
3194,30.6,3.7
3195,30.7,3.7
3196,30.8,3.7
3197,30.9,3.7
3198,31,3.7
3199,31.1,3.7
3200,31.2,3.7
3201,31.3,3.7
3202,31.4,3.7
3203,31.5,3.7
3204,31.6,3.7
3205,31.7,3.7
3206,31.8,3.7
3207,31.9,3.7
3208,32,3.7
3209,32.1,3.7
3210,32.2,3.7
3211,32.3,3.7
3212,32.4,3.7
3213,32.5,3.7
3214,32.6,3.7
3215,32.7,3.7
3216,32.8,3.7
3217,32.9,3.7
3218,33,3.7
3219,33.1,3.7
3220,33.2,3.7
3221,33.3,3.7
3222,33.4,3.7
3223,33.5,3.7
3224,33.6,3.7
3225,33.7,3.7
3226,33.8,3.7
3227,33.9,3.7
3228,34,3.7
3229,34.1,3.7
3230,34.2,3.7
3231,34.3,3.7
3232,34.4,3.7
3233,34.5,3.7
3234,34.6,3.7
3235,34.7,3.7
3236,34.8,3.7
3237,34.9,3.7
3238,35,3.7
3239,35.1,3.7
3240,35.2,3.7
3241,29.3,3.8
3242,29.4,3.8
3243,29.5,3.8
3244,29.6,3.8
3245,29.7,3.8
3246,29.8,3.8
3247,29.9,3.8
3248,30,3.8
3249,30.1,3.8
3250,30.2,3.8
3251,30.3,3.8
3252,30.4,3.8
3253,30.5,3.8
3254,30.6,3.8
3255,30.7,3.8
3256,30.8,3.8
3257,30.9,3.8
3258,31,3.8
3259,31.1,3.8
3260,31.2,3.8
3261,31.3,3.8
3262,31.4,3.8
3263,31.5,3.8
3264,31.6,3.8
3265,31.7,3.8
3266,31.8,3.8
3267,31.9,3.8
3268,32,3.8
3269,32.1,3.8
3270,32.2,3.8
3271,32.3,3.8
3272,32.4,3.8
3273,32.5,3.8
3274,32.6,3.8
3275,32.7,3.8
3276,32.8,3.8
3277,32.9,3.8
3278,33,3.8
3279,33.1,3.8
3280,33.2,3.8
3281,33.3,3.8
3282,33.4,3.8
3283,33.5,3.8
3284,33.6,3.8
3285,33.7,3.8
3286,33.8,3.8
3287,33.9,3.8
3288,34,3.8
3289,34.1,3.8
3290,34.2,3.8
3291,34.3,3.8
3292,34.4,3.8
3293,34.5,3.8
3294,34.6,3.8
3295,34.7,3.8
3296,34.8,3.8
3297,34.9,3.8
3298,35,3.8
3299,35.1,3.8
3300,35.2,3.8
3301,29.3,3.9
3302,29.4,3.9
3303,29.5,3.9
3304,29.6,3.9
3305,29.7,3.9
3306,29.8,3.9
3307,29.9,3.9
3308,30,3.9
3309,30.1,3.9
3310,30.2,3.9
3311,30.3,3.9
3312,30.4,3.9
3313,30.5,3.9
3314,30.6,3.9
3315,30.7,3.9
3316,30.8,3.9
3317,30.9,3.9
3318,31,3.9
3319,31.1,3.9
3320,31.2,3.9
3321,31.3,3.9
3322,31.4,3.9
3323,31.5,3.9
3324,31.6,3.9
3325,31.7,3.9
3326,31.8,3.9
3327,31.9,3.9
3328,32,3.9
3329,32.1,3.9
3330,32.2,3.9
3331,32.3,3.9
3332,32.4,3.9
3333,32.5,3.9
3334,32.6,3.9
3335,32.7,3.9
3336,32.8,3.9
3337,32.9,3.9
3338,33,3.9
3339,33.1,3.9
3340,33.2,3.9
3341,33.3,3.9
3342,33.4,3.9
3343,33.5,3.9
3344,33.6,3.9
3345,33.7,3.9
3346,33.8,3.9
3347,33.9,3.9
3348,34,3.9
3349,34.1,3.9
3350,34.2,3.9
3351,34.3,3.9
3352,34.4,3.9
3353,34.5,3.9
3354,34.6,3.9
3355,34.7,3.9
3356,34.8,3.9
3357,34.9,3.9
3358,35,3.9
3359,35.1,3.9
3360,35.2,3.9
3361,29.3,4
3362,29.4,4
3363,29.5,4
3364,29.6,4
3365,29.7,4
3366,29.8,4
3367,29.9,4
3368,30,4
3369,30.1,4
3370,30.2,4
3371,30.3,4
3372,30.4,4
3373,30.5,4
3374,30.6,4
3375,30.7,4
3376,30.8,4
3377,30.9,4
3378,31,4
3379,31.1,4
3380,31.2,4
3381,31.3,4
3382,31.4,4
3383,31.5,4
3384,31.6,4
3385,31.7,4
3386,31.8,4
3387,31.9,4
3388,32,4
3389,32.1,4
3390,32.2,4
3391,32.3,4
3392,32.4,4
3393,32.5,4
3394,32.6,4
3395,32.7,4
3396,32.8,4
3397,32.9,4
3398,33,4
3399,33.1,4
3400,33.2,4
3401,33.3,4
3402,33.4,4
3403,33.5,4
3404,33.6,4
3405,33.7,4
3406,33.8,4
3407,33.9,4
3408,34,4
3409,34.1,4
3410,34.2,4
3411,34.3,4
3412,34.4,4
3413,34.5,4
3414,34.6,4
3415,34.7,4
3416,34.8,4
3417,34.9,4
3418,35,4
3419,35.1,4
3420,35.2,4
3421,29.3,4.1
3422,29.4,4.1
3423,29.5,4.1
3424,29.6,4.1
3425,29.7,4.1
3426,29.8,4.1
3427,29.9,4.1
3428,30,4.1
3429,30.1,4.1
3430,30.2,4.1
3431,30.3,4.1
3432,30.4,4.1
3433,30.5,4.1
3434,30.6,4.1
3435,30.7,4.1
3436,30.8,4.1
3437,30.9,4.1
3438,31,4.1
3439,31.1,4.1
3440,31.2,4.1
3441,31.3,4.1
3442,31.4,4.1
3443,31.5,4.1
3444,31.6,4.1
3445,31.7,4.1
3446,31.8,4.1
3447,31.9,4.1
3448,32,4.1
3449,32.1,4.1
3450,32.2,4.1
3451,32.3,4.1
3452,32.4,4.1
3453,32.5,4.1
3454,32.6,4.1
3455,32.7,4.1
3456,32.8,4.1
3457,32.9,4.1
3458,33,4.1
3459,33.1,4.1
3460,33.2,4.1
3461,33.3,4.1
3462,33.4,4.1
3463,33.5,4.1
3464,33.6,4.1
3465,33.7,4.1
3466,33.8,4.1
3467,33.9,4.1
3468,34,4.1
3469,34.1,4.1
3470,34.2,4.1
3471,34.3,4.1
3472,34.4,4.1
3473,34.5,4.1
3474,34.6,4.1
3475,34.7,4.1
3476,34.8,4.1
3477,34.9,4.1
3478,35,4.1
3479,35.1,4.1
3480,35.2,4.1
3481,29.3,4.2
3482,29.4,4.2
3483,29.5,4.2
3484,29.6,4.2
3485,29.7,4.2
3486,29.8,4.2
3487,29.9,4.2
3488,30,4.2
3489,30.1,4.2
3490,30.2,4.2
3491,30.3,4.2
3492,30.4,4.2
3493,30.5,4.2
3494,30.6,4.2
3495,30.7,4.2
3496,30.8,4.2
3497,30.9,4.2
3498,31,4.2
3499,31.1,4.2
3500,31.2,4.2
3501,31.3,4.2
3502,31.4,4.2
3503,31.5,4.2
3504,31.6,4.2
3505,31.7,4.2
3506,31.8,4.2
3507,31.9,4.2
3508,32,4.2
3509,32.1,4.2
3510,32.2,4.2
3511,32.3,4.2
3512,32.4,4.2
3513,32.5,4.2
3514,32.6,4.2
3515,32.7,4.2
3516,32.8,4.2
3517,32.9,4.2
3518,33,4.2
3519,33.1,4.2
3520,33.2,4.2
3521,33.3,4.2
3522,33.4,4.2
3523,33.5,4.2
3524,33.6,4.2
3525,33.7,4.2
3526,33.8,4.2
3527,33.9,4.2
3528,34,4.2
3529,34.1,4.2
3530,34.2,4.2
3531,34.3,4.2
3532,34.4,4.2
3533,34.5,4.2
3534,34.6,4.2
3535,34.7,4.2
3536,34.8,4.2
3537,34.9,4.2
3538,35,4.2
3539,35.1,4.2
3540,35.2,4.2
3541,29.3,4.3
3542,29.4,4.3
3543,29.5,4.3
3544,29.6,4.3
3545,29.7,4.3
3546,29.8,4.3
3547,29.9,4.3
3548,30,4.3
3549,30.1,4.3
3550,30.2,4.3
3551,30.3,4.3
3552,30.4,4.3
3553,30.5,4.3
3554,30.6,4.3
3555,30.7,4.3
3556,30.8,4.3
3557,30.9,4.3
3558,31,4.3
3559,31.1,4.3
3560,31.2,4.3
3561,31.3,4.3
3562,31.4,4.3
3563,31.5,4.3
3564,31.6,4.3
3565,31.7,4.3
3566,31.8,4.3
3567,31.9,4.3
3568,32,4.3
3569,32.1,4.3
3570,32.2,4.3
3571,32.3,4.3
3572,32.4,4.3
3573,32.5,4.3
3574,32.6,4.3
3575,32.7,4.3
3576,32.8,4.3
3577,32.9,4.3
3578,33,4.3
3579,33.1,4.3
3580,33.2,4.3
3581,33.3,4.3
3582,33.4,4.3
3583,33.5,4.3
3584,33.6,4.3
3585,33.7,4.3
3586,33.8,4.3
3587,33.9,4.3
3588,34,4.3
3589,34.1,4.3
3590,34.2,4.3
3591,34.3,4.3
3592,34.4,4.3
3593,34.5,4.3
3594,34.6,4.3
3595,34.7,4.3
3596,34.8,4.3
3597,34.9,4.3
3598,35,4.3
3599,35.1,4.3
3600,35.2,4.3